date,fps_id,commodity,beneficiary_class,quantity_distributed
2024-01-01,FPS_001,Rice,AAY,202
2024-01-01,FPS_001,Rice,PHH,535
2024-01-01,FPS_001,Wheat,AAY,960
2024-01-01,FPS_001,Wheat,PHH,370
2024-01-01,FPS_001,Sugar,AAY,206
2024-01-01,FPS_001,Sugar,PHH,171
2024-01-01,FPS_002,Rice,AAY,800
2024-01-01,FPS_002,Rice,PHH,120
2024-01-01,FPS_002,Wheat,AAY,714
2024-01-01,FPS_002,Wheat,PHH,221
2024-01-01,FPS_002,Sugar,AAY,566
2024-01-01,FPS_002,Sugar,PHH,314
2024-01-01,FPS_003,Rice,AAY,430
2024-01-01,FPS_003,Rice,PHH,558
2024-01-01,FPS_003,Wheat,AAY,187
2024-01-01,FPS_003,Wheat,PHH,472
2024-01-01,FPS_003,Sugar,AAY,199
2024-01-01,FPS_003,Sugar,PHH,971
2024-01-01,FPS_004,Rice,AAY,763
2024-01-01,FPS_004,Rice,PHH,230
2024-01-01,FPS_004,Wheat,AAY,761
2024-01-01,FPS_004,Wheat,PHH,408
2024-01-01,FPS_004,Sugar,AAY,869
2024-01-01,FPS_004,Sugar,PHH,443
2024-01-01,FPS_005,Rice,AAY,591
2024-01-01,FPS_005,Rice,PHH,513
2024-01-01,FPS_005,Wheat,AAY,905
2024-01-01,FPS_005,Wheat,PHH,485
2024-01-01,FPS_005,Sugar,AAY,291
2024-01-01,FPS_005,Sugar,PHH,376
2024-01-08,FPS_001,Rice,AAY,260
2024-01-08,FPS_001,Rice,PHH,559
2024-01-08,FPS_001,Wheat,AAY,413
2024-01-08,FPS_001,Wheat,PHH,121
2024-01-08,FPS_001,Sugar,AAY,352
2024-01-08,FPS_001,Sugar,PHH,847
2024-01-08,FPS_002,Rice,AAY,956
2024-01-08,FPS_002,Rice,PHH,660
2024-01-08,FPS_002,Wheat,AAY,574
2024-01-08,FPS_002,Wheat,PHH,158
2024-01-08,FPS_002,Sugar,AAY,610
2024-01-08,FPS_002,Sugar,PHH,781
2024-01-08,FPS_003,Rice,AAY,575
2024-01-08,FPS_003,Rice,PHH,799
2024-01-08,FPS_003,Wheat,AAY,882
2024-01-08,FPS_003,Wheat,PHH,289
2024-01-08,FPS_003,Sugar,AAY,786
2024-01-08,FPS_003,Sugar,PHH,662
2024-01-08,FPS_004,Rice,AAY,975
2024-01-08,FPS_004,Rice,PHH,666
2024-01-08,FPS_004,Wheat,AAY,343
2024-01-08,FPS_004,Wheat,PHH,931
2024-01-08,FPS_004,Sugar,AAY,604
2024-01-08,FPS_004,Sugar,PHH,230
2024-01-08,FPS_005,Rice,AAY,584
2024-01-08,FPS_005,Rice,PHH,918
2024-01-08,FPS_005,Wheat,AAY,746
2024-01-08,FPS_005,Wheat,PHH,120
2024-01-08,FPS_005,Sugar,AAY,940
2024-01-08,FPS_005,Sugar,PHH,266
2024-01-15,FPS_001,Rice,AAY,373
2024-01-15,FPS_001,Rice,PHH,487
2024-01-15,FPS_001,Wheat,AAY,700
2024-01-15,FPS_001,Wheat,PHH,415
2024-01-15,FPS_001,Sugar,AAY,113
2024-01-15,FPS_001,Sugar,PHH,341
2024-01-15,FPS_002,Rice,AAY,876
2024-01-15,FPS_002,Rice,PHH,445
2024-01-15,FPS_002,Wheat,AAY,664
2024-01-15,FPS_002,Wheat,PHH,997
2024-01-15,FPS_002,Sugar,AAY,439
2024-01-15,FPS_002,Sugar,PHH,191
2024-01-15,FPS_003,Rice,AAY,466
2024-01-15,FPS_003,Rice,PHH,554
2024-01-15,FPS_003,Wheat,AAY,527
2024-01-15,FPS_003,Wheat,PHH,608
2024-01-15,FPS_003,Sugar,AAY,875
2024-01-15,FPS_003,Sugar,PHH,134
2024-01-15,FPS_004,Rice,AAY,305
2024-01-15,FPS_004,Rice,PHH,180
2024-01-15,FPS_004,Wheat,AAY,661
2024-01-15,FPS_004,Wheat,PHH,971
2024-01-15,FPS_004,Sugar,AAY,487
2024-01-15,FPS_004,Sugar,PHH,101
2024-01-15,FPS_005,Rice,AAY,489
2024-01-15,FPS_005,Rice,PHH,665
2024-01-15,FPS_005,Wheat,AAY,205
2024-01-15,FPS_005,Wheat,PHH,871
2024-01-15,FPS_005,Sugar,AAY,921
2024-01-15,FPS_005,Sugar,PHH,576
2024-01-22,FPS_001,Rice,AAY,802
2024-01-22,FPS_001,Rice,PHH,501
2024-01-22,FPS_001,Wheat,AAY,829
2024-01-22,FPS_001,Wheat,PHH,655
2024-01-22,FPS_001,Sugar,AAY,261
2024-01-22,FPS_001,Sugar,PHH,301
2024-01-22,FPS_002,Rice,AAY,369
2024-01-22,FPS_002,Rice,PHH,962
2024-01-22,FPS_002,Wheat,AAY,915
2024-01-22,FPS_002,Wheat,PHH,370
2024-01-22,FPS_002,Sugar,AAY,555
2024-01-22,FPS_002,Sugar,PHH,561
2024-01-22,FPS_003,Rice,AAY,826
2024-01-22,FPS_003,Rice,PHH,351
2024-01-22,FPS_003,Wheat,AAY,801
2024-01-22,FPS_003,Wheat,PHH,395
2024-01-22,FPS_003,Sugar,AAY,824
2024-01-22,FPS_003,Sugar,PHH,819
2024-01-22,FPS_004,Rice,AAY,848
2024-01-22,FPS_004,Rice,PHH,437
2024-01-22,FPS_004,Wheat,AAY,978
2024-01-22,FPS_004,Wheat,PHH,152
2024-01-22,FPS_004,Sugar,AAY,891
2024-01-22,FPS_004,Sugar,PHH,316
2024-01-22,FPS_005,Rice,AAY,863
2024-01-22,FPS_005,Rice,PHH,287
2024-01-22,FPS_005,Wheat,AAY,479
2024-01-22,FPS_005,Wheat,PHH,592
2024-01-22,FPS_005,Sugar,AAY,140
2024-01-22,FPS_005,Sugar,PHH,256
2024-01-29,FPS_001,Rice,AAY,114
2024-01-29,FPS_001,Rice,PHH,912
2024-01-29,FPS_001,Wheat,AAY,164
2024-01-29,FPS_001,Wheat,PHH,956
2024-01-29,FPS_001,Sugar,AAY,938
2024-01-29,FPS_001,Sugar,PHH,620
2024-01-29,FPS_002,Rice,AAY,443
2024-01-29,FPS_002,Rice,PHH,228
2024-01-29,FPS_002,Wheat,AAY,747
2024-01-29,FPS_002,Wheat,PHH,571
2024-01-29,FPS_002,Sugar,AAY,162
2024-01-29,FPS_002,Sugar,PHH,238
2024-01-29,FPS_003,Rice,AAY,598
2024-01-29,FPS_003,Rice,PHH,692
2024-01-29,FPS_003,Wheat,AAY,491
2024-01-29,FPS_003,Wheat,PHH,774
2024-01-29,FPS_003,Sugar,AAY,518
2024-01-29,FPS_003,Sugar,PHH,388
2024-01-29,FPS_004,Rice,AAY,478
2024-01-29,FPS_004,Rice,PHH,872
2024-01-29,FPS_004,Wheat,AAY,589
2024-01-29,FPS_004,Wheat,PHH,330
2024-01-29,FPS_004,Sugar,AAY,140
2024-01-29,FPS_004,Sugar,PHH,127
2024-01-29,FPS_005,Rice,AAY,234
2024-01-29,FPS_005,Rice,PHH,300
2024-01-29,FPS_005,Wheat,AAY,939
2024-01-29,FPS_005,Wheat,PHH,879
2024-01-29,FPS_005,Sugar,AAY,132
2024-01-29,FPS_005,Sugar,PHH,147
2024-02-05,FPS_001,Rice,AAY,602
2024-02-05,FPS_001,Rice,PHH,506
2024-02-05,FPS_001,Wheat,AAY,673
2024-02-05,FPS_001,Wheat,PHH,827
2024-02-05,FPS_001,Sugar,AAY,904
2024-02-05,FPS_001,Sugar,PHH,198
2024-02-05,FPS_002,Rice,AAY,783
2024-02-05,FPS_002,Rice,PHH,971
2024-02-05,FPS_002,Wheat,AAY,825
2024-02-05,FPS_002,Wheat,PHH,646
2024-02-05,FPS_002,Sugar,AAY,838
2024-02-05,FPS_002,Sugar,PHH,712
2024-02-05,FPS_003,Rice,AAY,561
2024-02-05,FPS_003,Rice,PHH,742
2024-02-05,FPS_003,Wheat,AAY,868
2024-02-05,FPS_003,Wheat,PHH,104
2024-02-05,FPS_003,Sugar,AAY,317
2024-02-05,FPS_003,Sugar,PHH,602
2024-02-05,FPS_004,Rice,AAY,866
2024-02-05,FPS_004,Rice,PHH,497
2024-02-05,FPS_004,Wheat,AAY,970
2024-02-05,FPS_004,Wheat,PHH,894
2024-02-05,FPS_004,Sugar,AAY,492
2024-02-05,FPS_004,Sugar,PHH,306
2024-02-05,FPS_005,Rice,AAY,114
2024-02-05,FPS_005,Rice,PHH,957
2024-02-05,FPS_005,Wheat,AAY,653
2024-02-05,FPS_005,Wheat,PHH,991
2024-02-05,FPS_005,Sugar,AAY,560
2024-02-05,FPS_005,Sugar,PHH,790
2024-02-12,FPS_001,Rice,AAY,674
2024-02-12,FPS_001,Rice,PHH,963
2024-02-12,FPS_001,Wheat,AAY,842
2024-02-12,FPS_001,Wheat,PHH,340
2024-02-12,FPS_001,Sugar,AAY,663
2024-02-12,FPS_001,Sugar,PHH,195
2024-02-12,FPS_002,Rice,AAY,999
2024-02-12,FPS_002,Rice,PHH,833
2024-02-12,FPS_002,Wheat,AAY,584
2024-02-12,FPS_002,Wheat,PHH,506
2024-02-12,FPS_002,Sugar,AAY,330
2024-02-12,FPS_002,Sugar,PHH,848
2024-02-12,FPS_003,Rice,AAY,754
2024-02-12,FPS_003,Rice,PHH,270
2024-02-12,FPS_003,Wheat,AAY,640
2024-02-12,FPS_003,Wheat,PHH,135
2024-02-12,FPS_003,Sugar,AAY,624
2024-02-12,FPS_003,Sugar,PHH,259
2024-02-12,FPS_004,Rice,AAY,938
2024-02-12,FPS_004,Rice,PHH,798
2024-02-12,FPS_004,Wheat,AAY,342
2024-02-12,FPS_004,Wheat,PHH,185
2024-02-12,FPS_004,Sugar,AAY,895
2024-02-12,FPS_004,Sugar,PHH,677
2024-02-12,FPS_005,Rice,AAY,781
2024-02-12,FPS_005,Rice,PHH,656
2024-02-12,FPS_005,Wheat,AAY,673
2024-02-12,FPS_005,Wheat,PHH,745
2024-02-12,FPS_005,Sugar,AAY,895
2024-02-12,FPS_005,Sugar,PHH,127
2024-02-19,FPS_001,Rice,AAY,719
2024-02-19,FPS_001,Rice,PHH,655
2024-02-19,FPS_001,Wheat,AAY,439
2024-02-19,FPS_001,Wheat,PHH,897
2024-02-19,FPS_001,Sugar,AAY,430
2024-02-19,FPS_001,Sugar,PHH,739
2024-02-19,FPS_002,Rice,AAY,605
2024-02-19,FPS_002,Rice,PHH,447
2024-02-19,FPS_002,Wheat,AAY,572
2024-02-19,FPS_002,Wheat,PHH,330
2024-02-19,FPS_002,Sugar,AAY,289
2024-02-19,FPS_002,Sugar,PHH,324
2024-02-19,FPS_003,Rice,AAY,484
2024-02-19,FPS_003,Rice,PHH,476
2024-02-19,FPS_003,Wheat,AAY,382
2024-02-19,FPS_003,Wheat,PHH,732
2024-02-19,FPS_003,Sugar,AAY,727
2024-02-19,FPS_003,Sugar,PHH,844
2024-02-19,FPS_004,Rice,AAY,358
2024-02-19,FPS_004,Rice,PHH,458
2024-02-19,FPS_004,Wheat,AAY,809
2024-02-19,FPS_004,Wheat,PHH,555
2024-02-19,FPS_004,Sugar,AAY,510
2024-02-19,FPS_004,Sugar,PHH,748
2024-02-19,FPS_005,Rice,AAY,417
2024-02-19,FPS_005,Rice,PHH,776
2024-02-19,FPS_005,Wheat,AAY,324
2024-02-19,FPS_005,Wheat,PHH,918
2024-02-19,FPS_005,Sugar,AAY,333
2024-02-19,FPS_005,Sugar,PHH,783
2024-02-26,FPS_001,Rice,AAY,763
2024-02-26,FPS_001,Rice,PHH,926
2024-02-26,FPS_001,Wheat,AAY,473
2024-02-26,FPS_001,Wheat,PHH,771
2024-02-26,FPS_001,Sugar,AAY,707
2024-02-26,FPS_001,Sugar,PHH,571
2024-02-26,FPS_002,Rice,AAY,332
2024-02-26,FPS_002,Rice,PHH,791
2024-02-26,FPS_002,Wheat,AAY,212
2024-02-26,FPS_002,Wheat,PHH,929
2024-02-26,FPS_002,Sugar,AAY,596
2024-02-26,FPS_002,Sugar,PHH,541
2024-02-26,FPS_003,Rice,AAY,663
2024-02-26,FPS_003,Rice,PHH,367
2024-02-26,FPS_003,Wheat,AAY,609
2024-02-26,FPS_003,Wheat,PHH,906
2024-02-26,FPS_003,Sugar,AAY,485
2024-02-26,FPS_003,Sugar,PHH,486
2024-02-26,FPS_004,Rice,AAY,212
2024-02-26,FPS_004,Rice,PHH,712
2024-02-26,FPS_004,Wheat,AAY,724
2024-02-26,FPS_004,Wheat,PHH,180
2024-02-26,FPS_004,Sugar,AAY,798
2024-02-26,FPS_004,Sugar,PHH,212
2024-02-26,FPS_005,Rice,AAY,101
2024-02-26,FPS_005,Rice,PHH,741
2024-02-26,FPS_005,Wheat,AAY,319
2024-02-26,FPS_005,Wheat,PHH,665
2024-02-26,FPS_005,Sugar,AAY,954
2024-02-26,FPS_005,Sugar,PHH,835
2024-03-04,FPS_001,Rice,AAY,324
2024-03-04,FPS_001,Rice,PHH,484
2024-03-04,FPS_001,Wheat,AAY,502
2024-03-04,FPS_001,Wheat,PHH,737
2024-03-04,FPS_001,Sugar,AAY,229
2024-03-04,FPS_001,Sugar,PHH,152
2024-03-04,FPS_002,Rice,AAY,783
2024-03-04,FPS_002,Rice,PHH,829
2024-03-04,FPS_002,Wheat,AAY,771
2024-03-04,FPS_002,Wheat,PHH,809
2024-03-04,FPS_002,Sugar,AAY,515
2024-03-04,FPS_002,Sugar,PHH,346
2024-03-04,FPS_003,Rice,AAY,935
2024-03-04,FPS_003,Rice,PHH,538
2024-03-04,FPS_003,Wheat,AAY,302
2024-03-04,FPS_003,Wheat,PHH,283
2024-03-04,FPS_003,Sugar,AAY,222
2024-03-04,FPS_003,Sugar,PHH,500
2024-03-04,FPS_004,Rice,AAY,866
2024-03-04,FPS_004,Rice,PHH,393
2024-03-04,FPS_004,Wheat,AAY,379
2024-03-04,FPS_004,Wheat,PHH,936
2024-03-04,FPS_004,Sugar,AAY,983
2024-03-04,FPS_004,Sugar,PHH,709
2024-03-04,FPS_005,Rice,AAY,297
2024-03-04,FPS_005,Rice,PHH,610
2024-03-04,FPS_005,Wheat,AAY,851
2024-03-04,FPS_005,Wheat,PHH,243
2024-03-04,FPS_005,Sugar,AAY,708
2024-03-04,FPS_005,Sugar,PHH,300
2024-03-11,FPS_001,Rice,AAY,223
2024-03-11,FPS_001,Rice,PHH,286
2024-03-11,FPS_001,Wheat,AAY,425
2024-03-11,FPS_001,Wheat,PHH,563
2024-03-11,FPS_001,Sugar,AAY,448
2024-03-11,FPS_001,Sugar,PHH,870
2024-03-11,FPS_002,Rice,AAY,759
2024-03-11,FPS_002,Rice,PHH,863
2024-03-11,FPS_002,Wheat,AAY,502
2024-03-11,FPS_002,Wheat,PHH,445
2024-03-11,FPS_002,Sugar,AAY,610
2024-03-11,FPS_002,Sugar,PHH,246
2024-03-11,FPS_003,Rice,AAY,247
2024-03-11,FPS_003,Rice,PHH,963
2024-03-11,FPS_003,Wheat,AAY,810
2024-03-11,FPS_003,Wheat,PHH,919
2024-03-11,FPS_003,Sugar,AAY,588
2024-03-11,FPS_003,Sugar,PHH,739
2024-03-11,FPS_004,Rice,AAY,650
2024-03-11,FPS_004,Rice,PHH,437
2024-03-11,FPS_004,Wheat,AAY,971
2024-03-11,FPS_004,Wheat,PHH,740
2024-03-11,FPS_004,Sugar,AAY,878
2024-03-11,FPS_004,Sugar,PHH,572
2024-03-11,FPS_005,Rice,AAY,250
2024-03-11,FPS_005,Rice,PHH,514
2024-03-11,FPS_005,Wheat,AAY,397
2024-03-11,FPS_005,Wheat,PHH,710
2024-03-11,FPS_005,Sugar,AAY,362
2024-03-11,FPS_005,Sugar,PHH,863
2024-03-18,FPS_001,Rice,AAY,243
2024-03-18,FPS_001,Rice,PHH,445
2024-03-18,FPS_001,Wheat,AAY,723
2024-03-18,FPS_001,Wheat,PHH,671
2024-03-18,FPS_001,Sugar,AAY,980
2024-03-18,FPS_001,Sugar,PHH,101
2024-03-18,FPS_002,Rice,AAY,996
2024-03-18,FPS_002,Rice,PHH,403
2024-03-18,FPS_002,Wheat,AAY,353
2024-03-18,FPS_002,Wheat,PHH,751
2024-03-18,FPS_002,Sugar,AAY,552
2024-03-18,FPS_002,Sugar,PHH,136
2024-03-18,FPS_003,Rice,AAY,259
2024-03-18,FPS_003,Rice,PHH,108
2024-03-18,FPS_003,Wheat,AAY,332
2024-03-18,FPS_003,Wheat,PHH,198
2024-03-18,FPS_003,Sugar,AAY,758
2024-03-18,FPS_003,Sugar,PHH,915
2024-03-18,FPS_004,Rice,AAY,307
2024-03-18,FPS_004,Rice,PHH,230
2024-03-18,FPS_004,Wheat,AAY,503
2024-03-18,FPS_004,Wheat,PHH,251
2024-03-18,FPS_004,Sugar,AAY,153
2024-03-18,FPS_004,Sugar,PHH,219
2024-03-18,FPS_005,Rice,AAY,772
2024-03-18,FPS_005,Rice,PHH,727
2024-03-18,FPS_005,Wheat,AAY,686
2024-03-18,FPS_005,Wheat,PHH,724
2024-03-18,FPS_005,Sugar,AAY,519
2024-03-18,FPS_005,Sugar,PHH,521
2024-03-25,FPS_001,Rice,AAY,203
2024-03-25,FPS_001,Rice,PHH,951
2024-03-25,FPS_001,Wheat,AAY,353
2024-03-25,FPS_001,Wheat,PHH,326
2024-03-25,FPS_001,Sugar,AAY,211
2024-03-25,FPS_001,Sugar,PHH,609
2024-03-25,FPS_002,Rice,AAY,572
2024-03-25,FPS_002,Rice,PHH,198
2024-03-25,FPS_002,Wheat,AAY,252
2024-03-25,FPS_002,Wheat,PHH,960
2024-03-25,FPS_002,Sugar,AAY,995
2024-03-25,FPS_002,Sugar,PHH,977
2024-03-25,FPS_003,Rice,AAY,437
2024-03-25,FPS_003,Rice,PHH,805
2024-03-25,FPS_003,Wheat,AAY,921
2024-03-25,FPS_003,Wheat,PHH,262
2024-03-25,FPS_003,Sugar,AAY,819
2024-03-25,FPS_003,Sugar,PHH,780
2024-03-25,FPS_004,Rice,AAY,260
2024-03-25,FPS_004,Rice,PHH,679
2024-03-25,FPS_004,Wheat,AAY,900
2024-03-25,FPS_004,Wheat,PHH,497
2024-03-25,FPS_004,Sugar,AAY,376
2024-03-25,FPS_004,Sugar,PHH,915
2024-03-25,FPS_005,Rice,AAY,603
2024-03-25,FPS_005,Rice,PHH,995
2024-03-25,FPS_005,Wheat,AAY,491
2024-03-25,FPS_005,Wheat,PHH,234
2024-03-25,FPS_005,Sugar,AAY,294
2024-03-25,FPS_005,Sugar,PHH,500
2024-04-01,FPS_001,Rice,AAY,739
2024-04-01,FPS_001,Rice,PHH,132
2024-04-01,FPS_001,Wheat,AAY,787
2024-04-01,FPS_001,Wheat,PHH,559
2024-04-01,FPS_001,Sugar,AAY,982
2024-04-01,FPS_001,Sugar,PHH,569
2024-04-01,FPS_002,Rice,AAY,474
2024-04-01,FPS_002,Rice,PHH,121
2024-04-01,FPS_002,Wheat,AAY,849
2024-04-01,FPS_002,Wheat,PHH,769
2024-04-01,FPS_002,Sugar,AAY,137
2024-04-01,FPS_002,Sugar,PHH,329
2024-04-01,FPS_003,Rice,AAY,464
2024-04-01,FPS_003,Rice,PHH,662
2024-04-01,FPS_003,Wheat,AAY,537
2024-04-01,FPS_003,Wheat,PHH,875
2024-04-01,FPS_003,Sugar,AAY,382
2024-04-01,FPS_003,Sugar,PHH,126
2024-04-01,FPS_004,Rice,AAY,325
2024-04-01,FPS_004,Rice,PHH,376
2024-04-01,FPS_004,Wheat,AAY,897
2024-04-01,FPS_004,Wheat,PHH,708
2024-04-01,FPS_004,Sugar,AAY,383
2024-04-01,FPS_004,Sugar,PHH,978
2024-04-01,FPS_005,Rice,AAY,580
2024-04-01,FPS_005,Rice,PHH,552
2024-04-01,FPS_005,Wheat,AAY,928
2024-04-01,FPS_005,Wheat,PHH,915
2024-04-01,FPS_005,Sugar,AAY,758
2024-04-01,FPS_005,Sugar,PHH,615
2024-04-08,FPS_001,Rice,AAY,646
2024-04-08,FPS_001,Rice,PHH,291
2024-04-08,FPS_001,Wheat,AAY,148
2024-04-08,FPS_001,Wheat,PHH,611
2024-04-08,FPS_001,Sugar,AAY,116
2024-04-08,FPS_001,Sugar,PHH,271
2024-04-08,FPS_002,Rice,AAY,319
2024-04-08,FPS_002,Rice,PHH,257
2024-04-08,FPS_002,Wheat,AAY,576
2024-04-08,FPS_002,Wheat,PHH,145
2024-04-08,FPS_002,Sugar,AAY,472
2024-04-08,FPS_002,Sugar,PHH,617
2024-04-08,FPS_003,Rice,AAY,198
2024-04-08,FPS_003,Rice,PHH,991
2024-04-08,FPS_003,Wheat,AAY,844
2024-04-08,FPS_003,Wheat,PHH,136
2024-04-08,FPS_003,Sugar,AAY,379
2024-04-08,FPS_003,Sugar,PHH,448
2024-04-08,FPS_004,Rice,AAY,596
2024-04-08,FPS_004,Rice,PHH,401
2024-04-08,FPS_004,Wheat,AAY,280
2024-04-08,FPS_004,Wheat,PHH,706
2024-04-08,FPS_004,Sugar,AAY,198
2024-04-08,FPS_004,Sugar,PHH,799
2024-04-08,FPS_005,Rice,AAY,215
2024-04-08,FPS_005,Rice,PHH,290
2024-04-08,FPS_005,Wheat,AAY,352
2024-04-08,FPS_005,Wheat,PHH,260
2024-04-08,FPS_005,Sugar,AAY,355
2024-04-08,FPS_005,Sugar,PHH,422
2024-04-15,FPS_001,Rice,AAY,227
2024-04-15,FPS_001,Rice,PHH,117
2024-04-15,FPS_001,Wheat,AAY,892
2024-04-15,FPS_001,Wheat,PHH,834
2024-04-15,FPS_001,Sugar,AAY,665
2024-04-15,FPS_001,Sugar,PHH,669
2024-04-15,FPS_002,Rice,AAY,422
2024-04-15,FPS_002,Rice,PHH,971
2024-04-15,FPS_002,Wheat,AAY,785
2024-04-15,FPS_002,Wheat,PHH,891
2024-04-15,FPS_002,Sugar,AAY,725
2024-04-15,FPS_002,Sugar,PHH,387
2024-04-15,FPS_003,Rice,AAY,953
2024-04-15,FPS_003,Rice,PHH,762
2024-04-15,FPS_003,Wheat,AAY,738
2024-04-15,FPS_003,Wheat,PHH,254
2024-04-15,FPS_003,Sugar,AAY,589
2024-04-15,FPS_003,Sugar,PHH,485
2024-04-15,FPS_004,Rice,AAY,884
2024-04-15,FPS_004,Rice,PHH,203
2024-04-15,FPS_004,Wheat,AAY,492
2024-04-15,FPS_004,Wheat,PHH,910
2024-04-15,FPS_004,Sugar,AAY,345
2024-04-15,FPS_004,Sugar,PHH,275
2024-04-15,FPS_005,Rice,AAY,138
2024-04-15,FPS_005,Rice,PHH,576
2024-04-15,FPS_005,Wheat,AAY,781
2024-04-15,FPS_005,Wheat,PHH,858
2024-04-15,FPS_005,Sugar,AAY,637
2024-04-15,FPS_005,Sugar,PHH,966
2024-04-22,FPS_001,Rice,AAY,917
2024-04-22,FPS_001,Rice,PHH,507
2024-04-22,FPS_001,Wheat,AAY,624
2024-04-22,FPS_001,Wheat,PHH,927
2024-04-22,FPS_001,Sugar,AAY,605
2024-04-22,FPS_001,Sugar,PHH,924
2024-04-22,FPS_002,Rice,AAY,135
2024-04-22,FPS_002,Rice,PHH,784
2024-04-22,FPS_002,Wheat,AAY,119
2024-04-22,FPS_002,Wheat,PHH,420
2024-04-22,FPS_002,Sugar,AAY,875
2024-04-22,FPS_002,Sugar,PHH,611
2024-04-22,FPS_003,Rice,AAY,499
2024-04-22,FPS_003,Rice,PHH,753
2024-04-22,FPS_003,Wheat,AAY,982
2024-04-22,FPS_003,Wheat,PHH,570
2024-04-22,FPS_003,Sugar,AAY,242
2024-04-22,FPS_003,Sugar,PHH,191
2024-04-22,FPS_004,Rice,AAY,453
2024-04-22,FPS_004,Rice,PHH,933
2024-04-22,FPS_004,Wheat,AAY,899
2024-04-22,FPS_004,Wheat,PHH,826
2024-04-22,FPS_004,Sugar,AAY,953
2024-04-22,FPS_004,Sugar,PHH,150
2024-04-22,FPS_005,Rice,AAY,764
2024-04-22,FPS_005,Rice,PHH,797
2024-04-22,FPS_005,Wheat,AAY,674
2024-04-22,FPS_005,Wheat,PHH,289
2024-04-22,FPS_005,Sugar,AAY,224
2024-04-22,FPS_005,Sugar,PHH,249
2024-04-29,FPS_001,Rice,AAY,413
2024-04-29,FPS_001,Rice,PHH,669
2024-04-29,FPS_001,Wheat,AAY,441
2024-04-29,FPS_001,Wheat,PHH,404
2024-04-29,FPS_001,Sugar,AAY,791
2024-04-29,FPS_001,Sugar,PHH,781
2024-04-29,FPS_002,Rice,AAY,937
2024-04-29,FPS_002,Rice,PHH,882
2024-04-29,FPS_002,Wheat,AAY,153
2024-04-29,FPS_002,Wheat,PHH,543
2024-04-29,FPS_002,Sugar,AAY,712
2024-04-29,FPS_002,Sugar,PHH,363
2024-04-29,FPS_003,Rice,AAY,152
2024-04-29,FPS_003,Rice,PHH,671
2024-04-29,FPS_003,Wheat,AAY,719
2024-04-29,FPS_003,Wheat,PHH,104
2024-04-29,FPS_003,Sugar,AAY,202
2024-04-29,FPS_003,Sugar,PHH,295
2024-04-29,FPS_004,Rice,AAY,873
2024-04-29,FPS_004,Rice,PHH,976
2024-04-29,FPS_004,Wheat,AAY,983
2024-04-29,FPS_004,Wheat,PHH,449
2024-04-29,FPS_004,Sugar,AAY,146
2024-04-29,FPS_004,Sugar,PHH,966
2024-04-29,FPS_005,Rice,AAY,922
2024-04-29,FPS_005,Rice,PHH,919
2024-04-29,FPS_005,Wheat,AAY,755
2024-04-29,FPS_005,Wheat,PHH,368
2024-04-29,FPS_005,Sugar,AAY,469
2024-04-29,FPS_005,Sugar,PHH,735
2024-05-06,FPS_001,Rice,AAY,205
2024-05-06,FPS_001,Rice,PHH,769
2024-05-06,FPS_001,Wheat,AAY,758
2024-05-06,FPS_001,Wheat,PHH,756
2024-05-06,FPS_001,Sugar,AAY,219
2024-05-06,FPS_001,Sugar,PHH,930
2024-05-06,FPS_002,Rice,AAY,886
2024-05-06,FPS_002,Rice,PHH,703
2024-05-06,FPS_002,Wheat,AAY,157
2024-05-06,FPS_002,Wheat,PHH,445
2024-05-06,FPS_002,Sugar,AAY,840
2024-05-06,FPS_002,Sugar,PHH,573
2024-05-06,FPS_003,Rice,AAY,216
2024-05-06,FPS_003,Rice,PHH,929
2024-05-06,FPS_003,Wheat,AAY,890
2024-05-06,FPS_003,Wheat,PHH,226
2024-05-06,FPS_003,Sugar,AAY,492
2024-05-06,FPS_003,Sugar,PHH,740
2024-05-06,FPS_004,Rice,AAY,157
2024-05-06,FPS_004,Rice,PHH,733
2024-05-06,FPS_004,Wheat,AAY,612
2024-05-06,FPS_004,Wheat,PHH,850
2024-05-06,FPS_004,Sugar,AAY,901
2024-05-06,FPS_004,Sugar,PHH,195
2024-05-06,FPS_005,Rice,AAY,737
2024-05-06,FPS_005,Rice,PHH,217
2024-05-06,FPS_005,Wheat,AAY,659
2024-05-06,FPS_005,Wheat,PHH,700
2024-05-06,FPS_005,Sugar,AAY,587
2024-05-06,FPS_005,Sugar,PHH,336
2024-05-13,FPS_001,Rice,AAY,984
2024-05-13,FPS_001,Rice,PHH,996
2024-05-13,FPS_001,Wheat,AAY,371
2024-05-13,FPS_001,Wheat,PHH,288
2024-05-13,FPS_001,Sugar,AAY,803
2024-05-13,FPS_001,Sugar,PHH,546
2024-05-13,FPS_002,Rice,AAY,680
2024-05-13,FPS_002,Rice,PHH,889
2024-05-13,FPS_002,Wheat,AAY,960
2024-05-13,FPS_002,Wheat,PHH,346
2024-05-13,FPS_002,Sugar,AAY,175
2024-05-13,FPS_002,Sugar,PHH,253
2024-05-13,FPS_003,Rice,AAY,755
2024-05-13,FPS_003,Rice,PHH,534
2024-05-13,FPS_003,Wheat,AAY,185
2024-05-13,FPS_003,Wheat,PHH,796
2024-05-13,FPS_003,Sugar,AAY,384
2024-05-13,FPS_003,Sugar,PHH,319
2024-05-13,FPS_004,Rice,AAY,168
2024-05-13,FPS_004,Rice,PHH,146
2024-05-13,FPS_004,Wheat,AAY,193
2024-05-13,FPS_004,Wheat,PHH,849
2024-05-13,FPS_004,Sugar,AAY,552
2024-05-13,FPS_004,Sugar,PHH,303
2024-05-13,FPS_005,Rice,AAY,317
2024-05-13,FPS_005,Rice,PHH,573
2024-05-13,FPS_005,Wheat,AAY,531
2024-05-13,FPS_005,Wheat,PHH,440
2024-05-13,FPS_005,Sugar,AAY,650
2024-05-13,FPS_005,Sugar,PHH,711
2024-05-20,FPS_001,Rice,AAY,388
2024-05-20,FPS_001,Rice,PHH,353
2024-05-20,FPS_001,Wheat,AAY,833
2024-05-20,FPS_001,Wheat,PHH,456
2024-05-20,FPS_001,Sugar,AAY,122
2024-05-20,FPS_001,Sugar,PHH,861
2024-05-20,FPS_002,Rice,AAY,621
2024-05-20,FPS_002,Rice,PHH,857
2024-05-20,FPS_002,Wheat,AAY,936
2024-05-20,FPS_002,Wheat,PHH,199
2024-05-20,FPS_002,Sugar,AAY,901
2024-05-20,FPS_002,Sugar,PHH,279
2024-05-20,FPS_003,Rice,AAY,322
2024-05-20,FPS_003,Rice,PHH,861
2024-05-20,FPS_003,Wheat,AAY,758
2024-05-20,FPS_003,Wheat,PHH,541
2024-05-20,FPS_003,Sugar,AAY,707
2024-05-20,FPS_003,Sugar,PHH,868
2024-05-20,FPS_004,Rice,AAY,424
2024-05-20,FPS_004,Rice,PHH,615
2024-05-20,FPS_004,Wheat,AAY,115
2024-05-20,FPS_004,Wheat,PHH,891
2024-05-20,FPS_004,Sugar,AAY,435
2024-05-20,FPS_004,Sugar,PHH,858
2024-05-20,FPS_005,Rice,AAY,357
2024-05-20,FPS_005,Rice,PHH,596
2024-05-20,FPS_005,Wheat,AAY,995
2024-05-20,FPS_005,Wheat,PHH,259
2024-05-20,FPS_005,Sugar,AAY,574
2024-05-20,FPS_005,Sugar,PHH,951
2024-05-27,FPS_001,Rice,AAY,763
2024-05-27,FPS_001,Rice,PHH,789
2024-05-27,FPS_001,Wheat,AAY,774
2024-05-27,FPS_001,Wheat,PHH,479
2024-05-27,FPS_001,Sugar,AAY,644
2024-05-27,FPS_001,Sugar,PHH,790
2024-05-27,FPS_002,Rice,AAY,526
2024-05-27,FPS_002,Rice,PHH,712
2024-05-27,FPS_002,Wheat,AAY,367
2024-05-27,FPS_002,Wheat,PHH,934
2024-05-27,FPS_002,Sugar,AAY,676
2024-05-27,FPS_002,Sugar,PHH,516
2024-05-27,FPS_003,Rice,AAY,267
2024-05-27,FPS_003,Rice,PHH,941
2024-05-27,FPS_003,Wheat,AAY,142
2024-05-27,FPS_003,Wheat,PHH,655
2024-05-27,FPS_003,Sugar,AAY,384
2024-05-27,FPS_003,Sugar,PHH,496
2024-05-27,FPS_004,Rice,AAY,111
2024-05-27,FPS_004,Rice,PHH,706
2024-05-27,FPS_004,Wheat,AAY,401
2024-05-27,FPS_004,Wheat,PHH,997
2024-05-27,FPS_004,Sugar,AAY,352
2024-05-27,FPS_004,Sugar,PHH,598
2024-05-27,FPS_005,Rice,AAY,853
2024-05-27,FPS_005,Rice,PHH,134
2024-05-27,FPS_005,Wheat,AAY,826
2024-05-27,FPS_005,Wheat,PHH,948
2024-05-27,FPS_005,Sugar,AAY,189
2024-05-27,FPS_005,Sugar,PHH,875
2024-06-03,FPS_001,Rice,AAY,704
2024-06-03,FPS_001,Rice,PHH,701
2024-06-03,FPS_001,Wheat,AAY,517
2024-06-03,FPS_001,Wheat,PHH,214
2024-06-03,FPS_001,Sugar,AAY,716
2024-06-03,FPS_001,Sugar,PHH,295
2024-06-03,FPS_002,Rice,AAY,925
2024-06-03,FPS_002,Rice,PHH,600
2024-06-03,FPS_002,Wheat,AAY,725
2024-06-03,FPS_002,Wheat,PHH,592
2024-06-03,FPS_002,Sugar,AAY,174
2024-06-03,FPS_002,Sugar,PHH,512
2024-06-03,FPS_003,Rice,AAY,475
2024-06-03,FPS_003,Rice,PHH,519
2024-06-03,FPS_003,Wheat,AAY,828
2024-06-03,FPS_003,Wheat,PHH,376
2024-06-03,FPS_003,Sugar,AAY,860
2024-06-03,FPS_003,Sugar,PHH,775
2024-06-03,FPS_004,Rice,AAY,493
2024-06-03,FPS_004,Rice,PHH,968
2024-06-03,FPS_004,Wheat,AAY,556
2024-06-03,FPS_004,Wheat,PHH,291
2024-06-03,FPS_004,Sugar,AAY,838
2024-06-03,FPS_004,Sugar,PHH,788
2024-06-03,FPS_005,Rice,AAY,198
2024-06-03,FPS_005,Rice,PHH,647
2024-06-03,FPS_005,Wheat,AAY,195
2024-06-03,FPS_005,Wheat,PHH,763
2024-06-03,FPS_005,Sugar,AAY,762
2024-06-03,FPS_005,Sugar,PHH,289
2024-06-10,FPS_001,Rice,AAY,835
2024-06-10,FPS_001,Rice,PHH,136
2024-06-10,FPS_001,Wheat,AAY,879
2024-06-10,FPS_001,Wheat,PHH,468
2024-06-10,FPS_001,Sugar,AAY,794
2024-06-10,FPS_001,Sugar,PHH,624
2024-06-10,FPS_002,Rice,AAY,378
2024-06-10,FPS_002,Rice,PHH,316
2024-06-10,FPS_002,Wheat,AAY,966
2024-06-10,FPS_002,Wheat,PHH,972
2024-06-10,FPS_002,Sugar,AAY,897
2024-06-10,FPS_002,Sugar,PHH,372
2024-06-10,FPS_003,Rice,AAY,980
2024-06-10,FPS_003,Rice,PHH,161
2024-06-10,FPS_003,Wheat,AAY,695
2024-06-10,FPS_003,Wheat,PHH,979
2024-06-10,FPS_003,Sugar,AAY,828
2024-06-10,FPS_003,Sugar,PHH,441
2024-06-10,FPS_004,Rice,AAY,496
2024-06-10,FPS_004,Rice,PHH,798
2024-06-10,FPS_004,Wheat,AAY,118
2024-06-10,FPS_004,Wheat,PHH,276
2024-06-10,FPS_004,Sugar,AAY,711
2024-06-10,FPS_004,Sugar,PHH,495
2024-06-10,FPS_005,Rice,AAY,544
2024-06-10,FPS_005,Rice,PHH,332
2024-06-10,FPS_005,Wheat,AAY,175
2024-06-10,FPS_005,Wheat,PHH,364
2024-06-10,FPS_005,Sugar,AAY,554
2024-06-10,FPS_005,Sugar,PHH,895
2024-06-17,FPS_001,Rice,AAY,817
2024-06-17,FPS_001,Rice,PHH,834
2024-06-17,FPS_001,Wheat,AAY,483
2024-06-17,FPS_001,Wheat,PHH,663
2024-06-17,FPS_001,Sugar,AAY,950
2024-06-17,FPS_001,Sugar,PHH,605
2024-06-17,FPS_002,Rice,AAY,466
2024-06-17,FPS_002,Rice,PHH,243
2024-06-17,FPS_002,Wheat,AAY,984
2024-06-17,FPS_002,Wheat,PHH,168
2024-06-17,FPS_002,Sugar,AAY,198
2024-06-17,FPS_002,Sugar,PHH,495
2024-06-17,FPS_003,Rice,AAY,124
2024-06-17,FPS_003,Rice,PHH,990
2024-06-17,FPS_003,Wheat,AAY,568
2024-06-17,FPS_003,Wheat,PHH,583
2024-06-17,FPS_003,Sugar,AAY,664
2024-06-17,FPS_003,Sugar,PHH,250
2024-06-17,FPS_004,Rice,AAY,243
2024-06-17,FPS_004,Rice,PHH,668
2024-06-17,FPS_004,Wheat,AAY,138
2024-06-17,FPS_004,Wheat,PHH,208
2024-06-17,FPS_004,Sugar,AAY,792
2024-06-17,FPS_004,Sugar,PHH,141
2024-06-17,FPS_005,Rice,AAY,285
2024-06-17,FPS_005,Rice,PHH,497
2024-06-17,FPS_005,Wheat,AAY,322
2024-06-17,FPS_005,Wheat,PHH,733
2024-06-17,FPS_005,Sugar,AAY,232
2024-06-17,FPS_005,Sugar,PHH,262
2024-06-24,FPS_001,Rice,AAY,314
2024-06-24,FPS_001,Rice,PHH,832
2024-06-24,FPS_001,Wheat,AAY,334
2024-06-24,FPS_001,Wheat,PHH,942
2024-06-24,FPS_001,Sugar,AAY,757
2024-06-24,FPS_001,Sugar,PHH,850
2024-06-24,FPS_002,Rice,AAY,687
2024-06-24,FPS_002,Rice,PHH,108
2024-06-24,FPS_002,Wheat,AAY,173
2024-06-24,FPS_002,Wheat,PHH,591
2024-06-24,FPS_002,Sugar,AAY,352
2024-06-24,FPS_002,Sugar,PHH,329
2024-06-24,FPS_003,Rice,AAY,618
2024-06-24,FPS_003,Rice,PHH,273
2024-06-24,FPS_003,Wheat,AAY,752
2024-06-24,FPS_003,Wheat,PHH,267
2024-06-24,FPS_003,Sugar,AAY,269
2024-06-24,FPS_003,Sugar,PHH,492
2024-06-24,FPS_004,Rice,AAY,894
2024-06-24,FPS_004,Rice,PHH,733
2024-06-24,FPS_004,Wheat,AAY,293
2024-06-24,FPS_004,Wheat,PHH,616
2024-06-24,FPS_004,Sugar,AAY,128
2024-06-24,FPS_004,Sugar,PHH,264
2024-06-24,FPS_005,Rice,AAY,521
2024-06-24,FPS_005,Rice,PHH,438
2024-06-24,FPS_005,Wheat,AAY,747
2024-06-24,FPS_005,Wheat,PHH,595
2024-06-24,FPS_005,Sugar,AAY,464
2024-06-24,FPS_005,Sugar,PHH,932
2024-07-01,FPS_001,Rice,AAY,441
2024-07-01,FPS_001,Rice,PHH,599
2024-07-01,FPS_001,Wheat,AAY,756
2024-07-01,FPS_001,Wheat,PHH,610
2024-07-01,FPS_001,Sugar,AAY,426
2024-07-01,FPS_001,Sugar,PHH,316
2024-07-01,FPS_002,Rice,AAY,400
2024-07-01,FPS_002,Rice,PHH,231
2024-07-01,FPS_002,Wheat,AAY,903
2024-07-01,FPS_002,Wheat,PHH,169
2024-07-01,FPS_002,Sugar,AAY,351
2024-07-01,FPS_002,Sugar,PHH,514
2024-07-01,FPS_003,Rice,AAY,886
2024-07-01,FPS_003,Rice,PHH,544
2024-07-01,FPS_003,Wheat,AAY,975
2024-07-01,FPS_003,Wheat,PHH,281
2024-07-01,FPS_003,Sugar,AAY,266
2024-07-01,FPS_003,Sugar,PHH,190
2024-07-01,FPS_004,Rice,AAY,813
2024-07-01,FPS_004,Rice,PHH,957
2024-07-01,FPS_004,Wheat,AAY,630
2024-07-01,FPS_004,Wheat,PHH,138
2024-07-01,FPS_004,Sugar,AAY,225
2024-07-01,FPS_004,Sugar,PHH,550
2024-07-01,FPS_005,Rice,AAY,272
2024-07-01,FPS_005,Rice,PHH,752
2024-07-01,FPS_005,Wheat,AAY,853
2024-07-01,FPS_005,Wheat,PHH,319
2024-07-01,FPS_005,Sugar,AAY,737
2024-07-01,FPS_005,Sugar,PHH,157
2024-07-08,FPS_001,Rice,AAY,759
2024-07-08,FPS_001,Rice,PHH,575
2024-07-08,FPS_001,Wheat,AAY,555
2024-07-08,FPS_001,Wheat,PHH,928
2024-07-08,FPS_001,Sugar,AAY,994
2024-07-08,FPS_001,Sugar,PHH,460
2024-07-08,FPS_002,Rice,AAY,100
2024-07-08,FPS_002,Rice,PHH,486
2024-07-08,FPS_002,Wheat,AAY,447
2024-07-08,FPS_002,Wheat,PHH,289
2024-07-08,FPS_002,Sugar,AAY,604
2024-07-08,FPS_002,Sugar,PHH,290
2024-07-08,FPS_003,Rice,AAY,607
2024-07-08,FPS_003,Rice,PHH,468
2024-07-08,FPS_003,Wheat,AAY,508
2024-07-08,FPS_003,Wheat,PHH,923
2024-07-08,FPS_003,Sugar,AAY,216
2024-07-08,FPS_003,Sugar,PHH,233
2024-07-08,FPS_004,Rice,AAY,157
2024-07-08,FPS_004,Rice,PHH,655
2024-07-08,FPS_004,Wheat,AAY,784
2024-07-08,FPS_004,Wheat,PHH,771
2024-07-08,FPS_004,Sugar,AAY,272
2024-07-08,FPS_004,Sugar,PHH,928
2024-07-08,FPS_005,Rice,AAY,914
2024-07-08,FPS_005,Rice,PHH,248
2024-07-08,FPS_005,Wheat,AAY,179
2024-07-08,FPS_005,Wheat,PHH,985
2024-07-08,FPS_005,Sugar,AAY,312
2024-07-08,FPS_005,Sugar,PHH,302
2024-07-15,FPS_001,Rice,AAY,863
2024-07-15,FPS_001,Rice,PHH,328
2024-07-15,FPS_001,Wheat,AAY,775
2024-07-15,FPS_001,Wheat,PHH,326
2024-07-15,FPS_001,Sugar,AAY,758
2024-07-15,FPS_001,Sugar,PHH,631
2024-07-15,FPS_002,Rice,AAY,540
2024-07-15,FPS_002,Rice,PHH,501
2024-07-15,FPS_002,Wheat,AAY,146
2024-07-15,FPS_002,Wheat,PHH,332
2024-07-15,FPS_002,Sugar,AAY,404
2024-07-15,FPS_002,Sugar,PHH,625
2024-07-15,FPS_003,Rice,AAY,242
2024-07-15,FPS_003,Rice,PHH,514
2024-07-15,FPS_003,Wheat,AAY,612
2024-07-15,FPS_003,Wheat,PHH,472
2024-07-15,FPS_003,Sugar,AAY,665
2024-07-15,FPS_003,Sugar,PHH,985
2024-07-15,FPS_004,Rice,AAY,358
2024-07-15,FPS_004,Rice,PHH,755
2024-07-15,FPS_004,Wheat,AAY,570
2024-07-15,FPS_004,Wheat,PHH,111
2024-07-15,FPS_004,Sugar,AAY,429
2024-07-15,FPS_004,Sugar,PHH,835
2024-07-15,FPS_005,Rice,AAY,883
2024-07-15,FPS_005,Rice,PHH,457
2024-07-15,FPS_005,Wheat,AAY,507
2024-07-15,FPS_005,Wheat,PHH,767
2024-07-15,FPS_005,Sugar,AAY,472
2024-07-15,FPS_005,Sugar,PHH,107
2024-07-22,FPS_001,Rice,AAY,221
2024-07-22,FPS_001,Rice,PHH,447
2024-07-22,FPS_001,Wheat,AAY,775
2024-07-22,FPS_001,Wheat,PHH,189
2024-07-22,FPS_001,Sugar,AAY,747
2024-07-22,FPS_001,Sugar,PHH,797
2024-07-22,FPS_002,Rice,AAY,415
2024-07-22,FPS_002,Rice,PHH,277
2024-07-22,FPS_002,Wheat,AAY,639
2024-07-22,FPS_002,Wheat,PHH,831
2024-07-22,FPS_002,Sugar,AAY,968
2024-07-22,FPS_002,Sugar,PHH,140
2024-07-22,FPS_003,Rice,AAY,839
2024-07-22,FPS_003,Rice,PHH,803
2024-07-22,FPS_003,Wheat,AAY,601
2024-07-22,FPS_003,Wheat,PHH,244
2024-07-22,FPS_003,Sugar,AAY,300
2024-07-22,FPS_003,Sugar,PHH,823
2024-07-22,FPS_004,Rice,AAY,560
2024-07-22,FPS_004,Rice,PHH,831
2024-07-22,FPS_004,Wheat,AAY,851
2024-07-22,FPS_004,Wheat,PHH,657
2024-07-22,FPS_004,Sugar,AAY,646
2024-07-22,FPS_004,Sugar,PHH,352
2024-07-22,FPS_005,Rice,AAY,489
2024-07-22,FPS_005,Rice,PHH,693
2024-07-22,FPS_005,Wheat,AAY,982
2024-07-22,FPS_005,Wheat,PHH,355
2024-07-22,FPS_005,Sugar,AAY,808
2024-07-22,FPS_005,Sugar,PHH,914
2024-07-29,FPS_001,Rice,AAY,549
2024-07-29,FPS_001,Rice,PHH,109
2024-07-29,FPS_001,Wheat,AAY,923
2024-07-29,FPS_001,Wheat,PHH,897
2024-07-29,FPS_001,Sugar,AAY,341
2024-07-29,FPS_001,Sugar,PHH,350
2024-07-29,FPS_002,Rice,AAY,976
2024-07-29,FPS_002,Rice,PHH,104
2024-07-29,FPS_002,Wheat,AAY,218
2024-07-29,FPS_002,Wheat,PHH,900
2024-07-29,FPS_002,Sugar,AAY,473
2024-07-29,FPS_002,Sugar,PHH,164
2024-07-29,FPS_003,Rice,AAY,245
2024-07-29,FPS_003,Rice,PHH,323
2024-07-29,FPS_003,Wheat,AAY,338
2024-07-29,FPS_003,Wheat,PHH,276
2024-07-29,FPS_003,Sugar,AAY,878
2024-07-29,FPS_003,Sugar,PHH,952
2024-07-29,FPS_004,Rice,AAY,381
2024-07-29,FPS_004,Rice,PHH,162
2024-07-29,FPS_004,Wheat,AAY,316
2024-07-29,FPS_004,Wheat,PHH,953
2024-07-29,FPS_004,Sugar,AAY,926
2024-07-29,FPS_004,Sugar,PHH,894
2024-07-29,FPS_005,Rice,AAY,788
2024-07-29,FPS_005,Rice,PHH,560
2024-07-29,FPS_005,Wheat,AAY,709
2024-07-29,FPS_005,Wheat,PHH,204
2024-07-29,FPS_005,Sugar,AAY,198
2024-07-29,FPS_005,Sugar,PHH,610
2024-08-05,FPS_001,Rice,AAY,484
2024-08-05,FPS_001,Rice,PHH,504
2024-08-05,FPS_001,Wheat,AAY,922
2024-08-05,FPS_001,Wheat,PHH,617
2024-08-05,FPS_001,Sugar,AAY,575
2024-08-05,FPS_001,Sugar,PHH,808
2024-08-05,FPS_002,Rice,AAY,962
2024-08-05,FPS_002,Rice,PHH,744
2024-08-05,FPS_002,Wheat,AAY,969
2024-08-05,FPS_002,Wheat,PHH,870
2024-08-05,FPS_002,Sugar,AAY,536
2024-08-05,FPS_002,Sugar,PHH,122
2024-08-05,FPS_003,Rice,AAY,664
2024-08-05,FPS_003,Rice,PHH,776
2024-08-05,FPS_003,Wheat,AAY,813
2024-08-05,FPS_003,Wheat,PHH,557
2024-08-05,FPS_003,Sugar,AAY,182
2024-08-05,FPS_003,Sugar,PHH,244
2024-08-05,FPS_004,Rice,AAY,184
2024-08-05,FPS_004,Rice,PHH,177
2024-08-05,FPS_004,Wheat,AAY,556
2024-08-05,FPS_004,Wheat,PHH,977
2024-08-05,FPS_004,Sugar,AAY,100
2024-08-05,FPS_004,Sugar,PHH,150
2024-08-05,FPS_005,Rice,AAY,784
2024-08-05,FPS_005,Rice,PHH,816
2024-08-05,FPS_005,Wheat,AAY,871
2024-08-05,FPS_005,Wheat,PHH,545
2024-08-05,FPS_005,Sugar,AAY,548
2024-08-05,FPS_005,Sugar,PHH,980
2024-08-12,FPS_001,Rice,AAY,587
2024-08-12,FPS_001,Rice,PHH,899
2024-08-12,FPS_001,Wheat,AAY,133
2024-08-12,FPS_001,Wheat,PHH,447
2024-08-12,FPS_001,Sugar,AAY,194
2024-08-12,FPS_001,Sugar,PHH,171
2024-08-12,FPS_002,Rice,AAY,650
2024-08-12,FPS_002,Rice,PHH,253
2024-08-12,FPS_002,Wheat,AAY,349
2024-08-12,FPS_002,Wheat,PHH,773
2024-08-12,FPS_002,Sugar,AAY,537
2024-08-12,FPS_002,Sugar,PHH,217
2024-08-12,FPS_003,Rice,AAY,870
2024-08-12,FPS_003,Rice,PHH,990
2024-08-12,FPS_003,Wheat,AAY,405
2024-08-12,FPS_003,Wheat,PHH,367
2024-08-12,FPS_003,Sugar,AAY,153
2024-08-12,FPS_003,Sugar,PHH,335
2024-08-12,FPS_004,Rice,AAY,488
2024-08-12,FPS_004,Rice,PHH,833
2024-08-12,FPS_004,Wheat,AAY,862
2024-08-12,FPS_004,Wheat,PHH,924
2024-08-12,FPS_004,Sugar,AAY,500
2024-08-12,FPS_004,Sugar,PHH,723
2024-08-12,FPS_005,Rice,AAY,866
2024-08-12,FPS_005,Rice,PHH,402
2024-08-12,FPS_005,Wheat,AAY,306
2024-08-12,FPS_005,Wheat,PHH,328
2024-08-12,FPS_005,Sugar,AAY,952
2024-08-12,FPS_005,Sugar,PHH,677
2024-08-19,FPS_001,Rice,AAY,174
2024-08-19,FPS_001,Rice,PHH,534
2024-08-19,FPS_001,Wheat,AAY,202
2024-08-19,FPS_001,Wheat,PHH,521
2024-08-19,FPS_001,Sugar,AAY,803
2024-08-19,FPS_001,Sugar,PHH,863
2024-08-19,FPS_002,Rice,AAY,837
2024-08-19,FPS_002,Rice,PHH,905
2024-08-19,FPS_002,Wheat,AAY,405
2024-08-19,FPS_002,Wheat,PHH,197
2024-08-19,FPS_002,Sugar,AAY,949
2024-08-19,FPS_002,Sugar,PHH,897
2024-08-19,FPS_003,Rice,AAY,434
2024-08-19,FPS_003,Rice,PHH,958
2024-08-19,FPS_003,Wheat,AAY,534
2024-08-19,FPS_003,Wheat,PHH,546
2024-08-19,FPS_003,Sugar,AAY,407
2024-08-19,FPS_003,Sugar,PHH,348
2024-08-19,FPS_004,Rice,AAY,265
2024-08-19,FPS_004,Rice,PHH,580
2024-08-19,FPS_004,Wheat,AAY,434
2024-08-19,FPS_004,Wheat,PHH,641
2024-08-19,FPS_004,Sugar,AAY,858
2024-08-19,FPS_004,Sugar,PHH,205
2024-08-19,FPS_005,Rice,AAY,662
2024-08-19,FPS_005,Rice,PHH,180
2024-08-19,FPS_005,Wheat,AAY,232
2024-08-19,FPS_005,Wheat,PHH,896
2024-08-19,FPS_005,Sugar,AAY,999
2024-08-19,FPS_005,Sugar,PHH,237
2024-08-26,FPS_001,Rice,AAY,283
2024-08-26,FPS_001,Rice,PHH,500
2024-08-26,FPS_001,Wheat,AAY,429
2024-08-26,FPS_001,Wheat,PHH,884
2024-08-26,FPS_001,Sugar,AAY,607
2024-08-26,FPS_001,Sugar,PHH,951
2024-08-26,FPS_002,Rice,AAY,168
2024-08-26,FPS_002,Rice,PHH,645
2024-08-26,FPS_002,Wheat,AAY,873
2024-08-26,FPS_002,Wheat,PHH,152
2024-08-26,FPS_002,Sugar,AAY,549
2024-08-26,FPS_002,Sugar,PHH,304
2024-08-26,FPS_003,Rice,AAY,225
2024-08-26,FPS_003,Rice,PHH,846
2024-08-26,FPS_003,Wheat,AAY,142
2024-08-26,FPS_003,Wheat,PHH,851
2024-08-26,FPS_003,Sugar,AAY,982
2024-08-26,FPS_003,Sugar,PHH,210
2024-08-26,FPS_004,Rice,AAY,860
2024-08-26,FPS_004,Rice,PHH,762
2024-08-26,FPS_004,Wheat,AAY,282
2024-08-26,FPS_004,Wheat,PHH,947
2024-08-26,FPS_004,Sugar,AAY,194
2024-08-26,FPS_004,Sugar,PHH,473
2024-08-26,FPS_005,Rice,AAY,619
2024-08-26,FPS_005,Rice,PHH,999
2024-08-26,FPS_005,Wheat,AAY,459
2024-08-26,FPS_005,Wheat,PHH,999
2024-08-26,FPS_005,Sugar,AAY,795
2024-08-26,FPS_005,Sugar,PHH,380
2024-09-02,FPS_001,Rice,AAY,294
2024-09-02,FPS_001,Rice,PHH,963
2024-09-02,FPS_001,Wheat,AAY,294
2024-09-02,FPS_001,Wheat,PHH,766
2024-09-02,FPS_001,Sugar,AAY,192
2024-09-02,FPS_001,Sugar,PHH,771
2024-09-02,FPS_002,Rice,AAY,160
2024-09-02,FPS_002,Rice,PHH,733
2024-09-02,FPS_002,Wheat,AAY,150
2024-09-02,FPS_002,Wheat,PHH,502
2024-09-02,FPS_002,Sugar,AAY,888
2024-09-02,FPS_002,Sugar,PHH,104
2024-09-02,FPS_003,Rice,AAY,565
2024-09-02,FPS_003,Rice,PHH,703
2024-09-02,FPS_003,Wheat,AAY,781
2024-09-02,FPS_003,Wheat,PHH,928
2024-09-02,FPS_003,Sugar,AAY,633
2024-09-02,FPS_003,Sugar,PHH,504
2024-09-02,FPS_004,Rice,AAY,937
2024-09-02,FPS_004,Rice,PHH,612
2024-09-02,FPS_004,Wheat,AAY,744
2024-09-02,FPS_004,Wheat,PHH,332
2024-09-02,FPS_004,Sugar,AAY,623
2024-09-02,FPS_004,Sugar,PHH,445
2024-09-02,FPS_005,Rice,AAY,145
2024-09-02,FPS_005,Rice,PHH,645
2024-09-02,FPS_005,Wheat,AAY,177
2024-09-02,FPS_005,Wheat,PHH,829
2024-09-02,FPS_005,Sugar,AAY,912
2024-09-02,FPS_005,Sugar,PHH,172
2024-09-09,FPS_001,Rice,AAY,893
2024-09-09,FPS_001,Rice,PHH,348
2024-09-09,FPS_001,Wheat,AAY,146
2024-09-09,FPS_001,Wheat,PHH,220
2024-09-09,FPS_001,Sugar,AAY,313
2024-09-09,FPS_001,Sugar,PHH,338
2024-09-09,FPS_002,Rice,AAY,155
2024-09-09,FPS_002,Rice,PHH,449
2024-09-09,FPS_002,Wheat,AAY,206
2024-09-09,FPS_002,Wheat,PHH,930
2024-09-09,FPS_002,Sugar,AAY,147
2024-09-09,FPS_002,Sugar,PHH,672
2024-09-09,FPS_003,Rice,AAY,436
2024-09-09,FPS_003,Rice,PHH,125
2024-09-09,FPS_003,Wheat,AAY,903
2024-09-09,FPS_003,Wheat,PHH,356
2024-09-09,FPS_003,Sugar,AAY,107
2024-09-09,FPS_003,Sugar,PHH,724
2024-09-09,FPS_004,Rice,AAY,966
2024-09-09,FPS_004,Rice,PHH,352
2024-09-09,FPS_004,Wheat,AAY,791
2024-09-09,FPS_004,Wheat,PHH,818
2024-09-09,FPS_004,Sugar,AAY,402
2024-09-09,FPS_004,Sugar,PHH,738
2024-09-09,FPS_005,Rice,AAY,155
2024-09-09,FPS_005,Rice,PHH,825
2024-09-09,FPS_005,Wheat,AAY,625
2024-09-09,FPS_005,Wheat,PHH,573
2024-09-09,FPS_005,Sugar,AAY,127
2024-09-09,FPS_005,Sugar,PHH,177
2024-09-16,FPS_001,Rice,AAY,315
2024-09-16,FPS_001,Rice,PHH,485
2024-09-16,FPS_001,Wheat,AAY,464
2024-09-16,FPS_001,Wheat,PHH,765
2024-09-16,FPS_001,Sugar,AAY,625
2024-09-16,FPS_001,Sugar,PHH,798
2024-09-16,FPS_002,Rice,AAY,411
2024-09-16,FPS_002,Rice,PHH,982
2024-09-16,FPS_002,Wheat,AAY,106
2024-09-16,FPS_002,Wheat,PHH,102
2024-09-16,FPS_002,Sugar,AAY,722
2024-09-16,FPS_002,Sugar,PHH,849
2024-09-16,FPS_003,Rice,AAY,462
2024-09-16,FPS_003,Rice,PHH,850
2024-09-16,FPS_003,Wheat,AAY,607
2024-09-16,FPS_003,Wheat,PHH,373
2024-09-16,FPS_003,Sugar,AAY,605
2024-09-16,FPS_003,Sugar,PHH,905
2024-09-16,FPS_004,Rice,AAY,838
2024-09-16,FPS_004,Rice,PHH,982
2024-09-16,FPS_004,Wheat,AAY,114
2024-09-16,FPS_004,Wheat,PHH,291
2024-09-16,FPS_004,Sugar,AAY,730
2024-09-16,FPS_004,Sugar,PHH,584
2024-09-16,FPS_005,Rice,AAY,127
2024-09-16,FPS_005,Rice,PHH,813
2024-09-16,FPS_005,Wheat,AAY,138
2024-09-16,FPS_005,Wheat,PHH,372
2024-09-16,FPS_005,Sugar,AAY,330
2024-09-16,FPS_005,Sugar,PHH,185
2024-09-23,FPS_001,Rice,AAY,573
2024-09-23,FPS_001,Rice,PHH,225
2024-09-23,FPS_001,Wheat,AAY,911
2024-09-23,FPS_001,Wheat,PHH,636
2024-09-23,FPS_001,Sugar,AAY,244
2024-09-23,FPS_001,Sugar,PHH,624
2024-09-23,FPS_002,Rice,AAY,311
2024-09-23,FPS_002,Rice,PHH,124
2024-09-23,FPS_002,Wheat,AAY,679
2024-09-23,FPS_002,Wheat,PHH,493
2024-09-23,FPS_002,Sugar,AAY,166
2024-09-23,FPS_002,Sugar,PHH,332
2024-09-23,FPS_003,Rice,AAY,208
2024-09-23,FPS_003,Rice,PHH,245
2024-09-23,FPS_003,Wheat,AAY,210
2024-09-23,FPS_003,Wheat,PHH,327
2024-09-23,FPS_003,Sugar,AAY,210
2024-09-23,FPS_003,Sugar,PHH,569
2024-09-23,FPS_004,Rice,AAY,133
2024-09-23,FPS_004,Rice,PHH,722
2024-09-23,FPS_004,Wheat,AAY,875
2024-09-23,FPS_004,Wheat,PHH,468
2024-09-23,FPS_004,Sugar,AAY,847
2024-09-23,FPS_004,Sugar,PHH,694
2024-09-23,FPS_005,Rice,AAY,653
2024-09-23,FPS_005,Rice,PHH,524
2024-09-23,FPS_005,Wheat,AAY,712
2024-09-23,FPS_005,Wheat,PHH,617
2024-09-23,FPS_005,Sugar,AAY,791
2024-09-23,FPS_005,Sugar,PHH,381
2024-09-30,FPS_001,Rice,AAY,419
2024-09-30,FPS_001,Rice,PHH,837
2024-09-30,FPS_001,Wheat,AAY,542
2024-09-30,FPS_001,Wheat,PHH,414
2024-09-30,FPS_001,Sugar,AAY,976
2024-09-30,FPS_001,Sugar,PHH,840
2024-09-30,FPS_002,Rice,AAY,476
2024-09-30,FPS_002,Rice,PHH,388
2024-09-30,FPS_002,Wheat,AAY,536
2024-09-30,FPS_002,Wheat,PHH,761
2024-09-30,FPS_002,Sugar,AAY,376
2024-09-30,FPS_002,Sugar,PHH,809
2024-09-30,FPS_003,Rice,AAY,681
2024-09-30,FPS_003,Rice,PHH,602
2024-09-30,FPS_003,Wheat,AAY,723
2024-09-30,FPS_003,Wheat,PHH,615
2024-09-30,FPS_003,Sugar,AAY,449
2024-09-30,FPS_003,Sugar,PHH,942
2024-09-30,FPS_004,Rice,AAY,545
2024-09-30,FPS_004,Rice,PHH,929
2024-09-30,FPS_004,Wheat,AAY,449
2024-09-30,FPS_004,Wheat,PHH,706
2024-09-30,FPS_004,Sugar,AAY,763
2024-09-30,FPS_004,Sugar,PHH,922
2024-09-30,FPS_005,Rice,AAY,236
2024-09-30,FPS_005,Rice,PHH,858
2024-09-30,FPS_005,Wheat,AAY,998
2024-09-30,FPS_005,Wheat,PHH,342
2024-09-30,FPS_005,Sugar,AAY,642
2024-09-30,FPS_005,Sugar,PHH,139
2024-10-07,FPS_001,Rice,AAY,328
2024-10-07,FPS_001,Rice,PHH,647
2024-10-07,FPS_001,Wheat,AAY,322
2024-10-07,FPS_001,Wheat,PHH,105
2024-10-07,FPS_001,Sugar,AAY,421
2024-10-07,FPS_001,Sugar,PHH,567
2024-10-07,FPS_002,Rice,AAY,831
2024-10-07,FPS_002,Rice,PHH,174
2024-10-07,FPS_002,Wheat,AAY,103
2024-10-07,FPS_002,Wheat,PHH,946
2024-10-07,FPS_002,Sugar,AAY,745
2024-10-07,FPS_002,Sugar,PHH,217
2024-10-07,FPS_003,Rice,AAY,980
2024-10-07,FPS_003,Rice,PHH,705
2024-10-07,FPS_003,Wheat,AAY,603
2024-10-07,FPS_003,Wheat,PHH,673
2024-10-07,FPS_003,Sugar,AAY,540
2024-10-07,FPS_003,Sugar,PHH,293
2024-10-07,FPS_004,Rice,AAY,946
2024-10-07,FPS_004,Rice,PHH,814
2024-10-07,FPS_004,Wheat,AAY,491
2024-10-07,FPS_004,Wheat,PHH,125
2024-10-07,FPS_004,Sugar,AAY,534
2024-10-07,FPS_004,Sugar,PHH,272
2024-10-07,FPS_005,Rice,AAY,399
2024-10-07,FPS_005,Rice,PHH,744
2024-10-07,FPS_005,Wheat,AAY,425
2024-10-07,FPS_005,Wheat,PHH,509
2024-10-07,FPS_005,Sugar,AAY,217
2024-10-07,FPS_005,Sugar,PHH,935
2024-10-14,FPS_001,Rice,AAY,886
2024-10-14,FPS_001,Rice,PHH,823
2024-10-14,FPS_001,Wheat,AAY,324
2024-10-14,FPS_001,Wheat,PHH,631
2024-10-14,FPS_001,Sugar,AAY,212
2024-10-14,FPS_001,Sugar,PHH,239
2024-10-14,FPS_002,Rice,AAY,658
2024-10-14,FPS_002,Rice,PHH,100
2024-10-14,FPS_002,Wheat,AAY,189
2024-10-14,FPS_002,Wheat,PHH,753
2024-10-14,FPS_002,Sugar,AAY,419
2024-10-14,FPS_002,Sugar,PHH,649
2024-10-14,FPS_003,Rice,AAY,904
2024-10-14,FPS_003,Rice,PHH,993
2024-10-14,FPS_003,Wheat,AAY,238
2024-10-14,FPS_003,Wheat,PHH,610
2024-10-14,FPS_003,Sugar,AAY,967
2024-10-14,FPS_003,Sugar,PHH,944
2024-10-14,FPS_004,Rice,AAY,358
2024-10-14,FPS_004,Rice,PHH,772
2024-10-14,FPS_004,Wheat,AAY,789
2024-10-14,FPS_004,Wheat,PHH,109
2024-10-14,FPS_004,Sugar,AAY,360
2024-10-14,FPS_004,Sugar,PHH,749
2024-10-14,FPS_005,Rice,AAY,271
2024-10-14,FPS_005,Rice,PHH,997
2024-10-14,FPS_005,Wheat,AAY,112
2024-10-14,FPS_005,Wheat,PHH,267
2024-10-14,FPS_005,Sugar,AAY,741
2024-10-14,FPS_005,Sugar,PHH,695
2024-10-21,FPS_001,Rice,AAY,420
2024-10-21,FPS_001,Rice,PHH,418
2024-10-21,FPS_001,Wheat,AAY,712
2024-10-21,FPS_001,Wheat,PHH,428
2024-10-21,FPS_001,Sugar,AAY,884
2024-10-21,FPS_001,Sugar,PHH,876
2024-10-21,FPS_002,Rice,AAY,649
2024-10-21,FPS_002,Rice,PHH,518
2024-10-21,FPS_002,Wheat,AAY,705
2024-10-21,FPS_002,Wheat,PHH,194
2024-10-21,FPS_002,Sugar,AAY,916
2024-10-21,FPS_002,Sugar,PHH,680
2024-10-21,FPS_003,Rice,AAY,417
2024-10-21,FPS_003,Rice,PHH,335
2024-10-21,FPS_003,Wheat,AAY,433
2024-10-21,FPS_003,Wheat,PHH,984
2024-10-21,FPS_003,Sugar,AAY,475
2024-10-21,FPS_003,Sugar,PHH,558
2024-10-21,FPS_004,Rice,AAY,236
2024-10-21,FPS_004,Rice,PHH,687
2024-10-21,FPS_004,Wheat,AAY,646
2024-10-21,FPS_004,Wheat,PHH,612
2024-10-21,FPS_004,Sugar,AAY,395
2024-10-21,FPS_004,Sugar,PHH,419
2024-10-21,FPS_005,Rice,AAY,671
2024-10-21,FPS_005,Rice,PHH,931
2024-10-21,FPS_005,Wheat,AAY,448
2024-10-21,FPS_005,Wheat,PHH,939
2024-10-21,FPS_005,Sugar,AAY,878
2024-10-21,FPS_005,Sugar,PHH,972
2024-10-28,FPS_001,Rice,AAY,328
2024-10-28,FPS_001,Rice,PHH,369
2024-10-28,FPS_001,Wheat,AAY,927
2024-10-28,FPS_001,Wheat,PHH,897
2024-10-28,FPS_001,Sugar,AAY,390
2024-10-28,FPS_001,Sugar,PHH,824
2024-10-28,FPS_002,Rice,AAY,264
2024-10-28,FPS_002,Rice,PHH,104
2024-10-28,FPS_002,Wheat,AAY,950
2024-10-28,FPS_002,Wheat,PHH,478
2024-10-28,FPS_002,Sugar,AAY,177
2024-10-28,FPS_002,Sugar,PHH,509
2024-10-28,FPS_003,Rice,AAY,673
2024-10-28,FPS_003,Rice,PHH,231
2024-10-28,FPS_003,Wheat,AAY,700
2024-10-28,FPS_003,Wheat,PHH,848
2024-10-28,FPS_003,Sugar,AAY,141
2024-10-28,FPS_003,Sugar,PHH,188
2024-10-28,FPS_004,Rice,AAY,501
2024-10-28,FPS_004,Rice,PHH,395
2024-10-28,FPS_004,Wheat,AAY,939
2024-10-28,FPS_004,Wheat,PHH,394
2024-10-28,FPS_004,Sugar,AAY,715
2024-10-28,FPS_004,Sugar,PHH,625
2024-10-28,FPS_005,Rice,AAY,899
2024-10-28,FPS_005,Rice,PHH,790
2024-10-28,FPS_005,Wheat,AAY,736
2024-10-28,FPS_005,Wheat,PHH,521
2024-10-28,FPS_005,Sugar,AAY,964
2024-10-28,FPS_005,Sugar,PHH,122
2024-11-04,FPS_001,Rice,AAY,674
2024-11-04,FPS_001,Rice,PHH,242
2024-11-04,FPS_001,Wheat,AAY,764
2024-11-04,FPS_001,Wheat,PHH,244
2024-11-04,FPS_001,Sugar,AAY,324
2024-11-04,FPS_001,Sugar,PHH,602
2024-11-04,FPS_002,Rice,AAY,920
2024-11-04,FPS_002,Rice,PHH,715
2024-11-04,FPS_002,Wheat,AAY,203
2024-11-04,FPS_002,Wheat,PHH,138
2024-11-04,FPS_002,Sugar,AAY,297
2024-11-04,FPS_002,Sugar,PHH,745
2024-11-04,FPS_003,Rice,AAY,678
2024-11-04,FPS_003,Rice,PHH,490
2024-11-04,FPS_003,Wheat,AAY,278
2024-11-04,FPS_003,Wheat,PHH,653
2024-11-04,FPS_003,Sugar,AAY,547
2024-11-04,FPS_003,Sugar,PHH,599
2024-11-04,FPS_004,Rice,AAY,114
2024-11-04,FPS_004,Rice,PHH,722
2024-11-04,FPS_004,Wheat,AAY,768
2024-11-04,FPS_004,Wheat,PHH,388
2024-11-04,FPS_004,Sugar,AAY,577
2024-11-04,FPS_004,Sugar,PHH,330
2024-11-04,FPS_005,Rice,AAY,519
2024-11-04,FPS_005,Rice,PHH,256
2024-11-04,FPS_005,Wheat,AAY,649
2024-11-04,FPS_005,Wheat,PHH,540
2024-11-04,FPS_005,Sugar,AAY,196
2024-11-04,FPS_005,Sugar,PHH,510
2024-11-11,FPS_001,Rice,AAY,388
2024-11-11,FPS_001,Rice,PHH,353
2024-11-11,FPS_001,Wheat,AAY,295
2024-11-11,FPS_001,Wheat,PHH,697
2024-11-11,FPS_001,Sugar,AAY,933
2024-11-11,FPS_001,Sugar,PHH,621
2024-11-11,FPS_002,Rice,AAY,616
2024-11-11,FPS_002,Rice,PHH,734
2024-11-11,FPS_002,Wheat,AAY,941
2024-11-11,FPS_002,Wheat,PHH,964
2024-11-11,FPS_002,Sugar,AAY,217
2024-11-11,FPS_002,Sugar,PHH,905
2024-11-11,FPS_003,Rice,AAY,258
2024-11-11,FPS_003,Rice,PHH,914
2024-11-11,FPS_003,Wheat,AAY,327
2024-11-11,FPS_003,Wheat,PHH,976
2024-11-11,FPS_003,Sugar,AAY,315
2024-11-11,FPS_003,Sugar,PHH,795
2024-11-11,FPS_004,Rice,AAY,114
2024-11-11,FPS_004,Rice,PHH,256
2024-11-11,FPS_004,Wheat,AAY,747
2024-11-11,FPS_004,Wheat,PHH,360
2024-11-11,FPS_004,Sugar,AAY,256
2024-11-11,FPS_004,Sugar,PHH,146
2024-11-11,FPS_005,Rice,AAY,423
2024-11-11,FPS_005,Rice,PHH,943
2024-11-11,FPS_005,Wheat,AAY,784
2024-11-11,FPS_005,Wheat,PHH,229
2024-11-11,FPS_005,Sugar,AAY,510
2024-11-11,FPS_005,Sugar,PHH,194
2024-11-18,FPS_001,Rice,AAY,726
2024-11-18,FPS_001,Rice,PHH,854
2024-11-18,FPS_001,Wheat,AAY,391
2024-11-18,FPS_001,Wheat,PHH,893
2024-11-18,FPS_001,Sugar,AAY,910
2024-11-18,FPS_001,Sugar,PHH,382
2024-11-18,FPS_002,Rice,AAY,168
2024-11-18,FPS_002,Rice,PHH,759
2024-11-18,FPS_002,Wheat,AAY,110
2024-11-18,FPS_002,Wheat,PHH,353
2024-11-18,FPS_002,Sugar,AAY,941
2024-11-18,FPS_002,Sugar,PHH,971
2024-11-18,FPS_003,Rice,AAY,649
2024-11-18,FPS_003,Rice,PHH,233
2024-11-18,FPS_003,Wheat,AAY,811
2024-11-18,FPS_003,Wheat,PHH,122
2024-11-18,FPS_003,Sugar,AAY,914
2024-11-18,FPS_003,Sugar,PHH,445
2024-11-18,FPS_004,Rice,AAY,401
2024-11-18,FPS_004,Rice,PHH,462
2024-11-18,FPS_004,Wheat,AAY,495
2024-11-18,FPS_004,Wheat,PHH,317
2024-11-18,FPS_004,Sugar,AAY,240
2024-11-18,FPS_004,Sugar,PHH,715
2024-11-18,FPS_005,Rice,AAY,309
2024-11-18,FPS_005,Rice,PHH,722
2024-11-18,FPS_005,Wheat,AAY,715
2024-11-18,FPS_005,Wheat,PHH,927
2024-11-18,FPS_005,Sugar,AAY,782
2024-11-18,FPS_005,Sugar,PHH,559
2024-11-25,FPS_001,Rice,AAY,455
2024-11-25,FPS_001,Rice,PHH,423
2024-11-25,FPS_001,Wheat,AAY,232
2024-11-25,FPS_001,Wheat,PHH,987
2024-11-25,FPS_001,Sugar,AAY,904
2024-11-25,FPS_001,Sugar,PHH,939
2024-11-25,FPS_002,Rice,AAY,226
2024-11-25,FPS_002,Rice,PHH,205
2024-11-25,FPS_002,Wheat,AAY,703
2024-11-25,FPS_002,Wheat,PHH,898
2024-11-25,FPS_002,Sugar,AAY,477
2024-11-25,FPS_002,Sugar,PHH,150
2024-11-25,FPS_003,Rice,AAY,128
2024-11-25,FPS_003,Rice,PHH,561
2024-11-25,FPS_003,Wheat,AAY,395
2024-11-25,FPS_003,Wheat,PHH,396
2024-11-25,FPS_003,Sugar,AAY,825
2024-11-25,FPS_003,Sugar,PHH,878
2024-11-25,FPS_004,Rice,AAY,506
2024-11-25,FPS_004,Rice,PHH,868
2024-11-25,FPS_004,Wheat,AAY,913
2024-11-25,FPS_004,Wheat,PHH,712
2024-11-25,FPS_004,Sugar,AAY,504
2024-11-25,FPS_004,Sugar,PHH,445
2024-11-25,FPS_005,Rice,AAY,721
2024-11-25,FPS_005,Rice,PHH,519
2024-11-25,FPS_005,Wheat,AAY,281
2024-11-25,FPS_005,Wheat,PHH,924
2024-11-25,FPS_005,Sugar,AAY,100
2024-11-25,FPS_005,Sugar,PHH,930
2024-12-02,FPS_001,Rice,AAY,666
2024-12-02,FPS_001,Rice,PHH,470
2024-12-02,FPS_001,Wheat,AAY,760
2024-12-02,FPS_001,Wheat,PHH,530
2024-12-02,FPS_001,Sugar,AAY,408
2024-12-02,FPS_001,Sugar,PHH,236
2024-12-02,FPS_002,Rice,AAY,301
2024-12-02,FPS_002,Rice,PHH,535
2024-12-02,FPS_002,Wheat,AAY,412
2024-12-02,FPS_002,Wheat,PHH,216
2024-12-02,FPS_002,Sugar,AAY,765
2024-12-02,FPS_002,Sugar,PHH,902
2024-12-02,FPS_003,Rice,AAY,674
2024-12-02,FPS_003,Rice,PHH,343
2024-12-02,FPS_003,Wheat,AAY,636
2024-12-02,FPS_003,Wheat,PHH,701
2024-12-02,FPS_003,Sugar,AAY,174
2024-12-02,FPS_003,Sugar,PHH,905
2024-12-02,FPS_004,Rice,AAY,485
2024-12-02,FPS_004,Rice,PHH,309
2024-12-02,FPS_004,Wheat,AAY,574
2024-12-02,FPS_004,Wheat,PHH,517
2024-12-02,FPS_004,Sugar,AAY,446
2024-12-02,FPS_004,Sugar,PHH,628
2024-12-02,FPS_005,Rice,AAY,739
2024-12-02,FPS_005,Rice,PHH,975
2024-12-02,FPS_005,Wheat,AAY,862
2024-12-02,FPS_005,Wheat,PHH,278
2024-12-02,FPS_005,Sugar,AAY,281
2024-12-02,FPS_005,Sugar,PHH,763
2024-12-09,FPS_001,Rice,AAY,124
2024-12-09,FPS_001,Rice,PHH,279
2024-12-09,FPS_001,Wheat,AAY,809
2024-12-09,FPS_001,Wheat,PHH,600
2024-12-09,FPS_001,Sugar,AAY,955
2024-12-09,FPS_001,Sugar,PHH,260
2024-12-09,FPS_002,Rice,AAY,276
2024-12-09,FPS_002,Rice,PHH,384
2024-12-09,FPS_002,Wheat,AAY,162
2024-12-09,FPS_002,Wheat,PHH,761
2024-12-09,FPS_002,Sugar,AAY,765
2024-12-09,FPS_002,Sugar,PHH,255
2024-12-09,FPS_003,Rice,AAY,981
2024-12-09,FPS_003,Rice,PHH,568
2024-12-09,FPS_003,Wheat,AAY,148
2024-12-09,FPS_003,Wheat,PHH,948
2024-12-09,FPS_003,Sugar,AAY,183
2024-12-09,FPS_003,Sugar,PHH,460
2024-12-09,FPS_004,Rice,AAY,788
2024-12-09,FPS_004,Rice,PHH,247
2024-12-09,FPS_004,Wheat,AAY,729
2024-12-09,FPS_004,Wheat,PHH,441
2024-12-09,FPS_004,Sugar,AAY,575
2024-12-09,FPS_004,Sugar,PHH,162
2024-12-09,FPS_005,Rice,AAY,800
2024-12-09,FPS_005,Rice,PHH,459
2024-12-09,FPS_005,Wheat,AAY,660
2024-12-09,FPS_005,Wheat,PHH,426
2024-12-09,FPS_005,Sugar,AAY,868
2024-12-09,FPS_005,Sugar,PHH,835
2024-12-16,FPS_001,Rice,AAY,240
2024-12-16,FPS_001,Rice,PHH,314
2024-12-16,FPS_001,Wheat,AAY,534
2024-12-16,FPS_001,Wheat,PHH,990
2024-12-16,FPS_001,Sugar,AAY,822
2024-12-16,FPS_001,Sugar,PHH,417
2024-12-16,FPS_002,Rice,AAY,131
2024-12-16,FPS_002,Rice,PHH,769
2024-12-16,FPS_002,Wheat,AAY,384
2024-12-16,FPS_002,Wheat,PHH,404
2024-12-16,FPS_002,Sugar,AAY,528
2024-12-16,FPS_002,Sugar,PHH,576
2024-12-16,FPS_003,Rice,AAY,385
2024-12-16,FPS_003,Rice,PHH,243
2024-12-16,FPS_003,Wheat,AAY,523
2024-12-16,FPS_003,Wheat,PHH,118
2024-12-16,FPS_003,Sugar,AAY,117
2024-12-16,FPS_003,Sugar,PHH,868
2024-12-16,FPS_004,Rice,AAY,689
2024-12-16,FPS_004,Rice,PHH,470
2024-12-16,FPS_004,Wheat,AAY,274
2024-12-16,FPS_004,Wheat,PHH,293
2024-12-16,FPS_004,Sugar,AAY,601
2024-12-16,FPS_004,Sugar,PHH,212
2024-12-16,FPS_005,Rice,AAY,213
2024-12-16,FPS_005,Rice,PHH,321
2024-12-16,FPS_005,Wheat,AAY,777
2024-12-16,FPS_005,Wheat,PHH,930
2024-12-16,FPS_005,Sugar,AAY,743
2024-12-16,FPS_005,Sugar,PHH,996
2024-12-23,FPS_001,Rice,AAY,363
2024-12-23,FPS_001,Rice,PHH,154
2024-12-23,FPS_001,Wheat,AAY,970
2024-12-23,FPS_001,Wheat,PHH,742
2024-12-23,FPS_001,Sugar,AAY,899
2024-12-23,FPS_001,Sugar,PHH,877
2024-12-23,FPS_002,Rice,AAY,557
2024-12-23,FPS_002,Rice,PHH,977
2024-12-23,FPS_002,Wheat,AAY,261
2024-12-23,FPS_002,Wheat,PHH,479
2024-12-23,FPS_002,Sugar,AAY,186
2024-12-23,FPS_002,Sugar,PHH,154
2024-12-23,FPS_003,Rice,AAY,575
2024-12-23,FPS_003,Rice,PHH,899
2024-12-23,FPS_003,Wheat,AAY,277
2024-12-23,FPS_003,Wheat,PHH,490
2024-12-23,FPS_003,Sugar,AAY,448
2024-12-23,FPS_003,Sugar,PHH,107
2024-12-23,FPS_004,Rice,AAY,932
2024-12-23,FPS_004,Rice,PHH,412
2024-12-23,FPS_004,Wheat,AAY,858
2024-12-23,FPS_004,Wheat,PHH,934
2024-12-23,FPS_004,Sugar,AAY,542
2024-12-23,FPS_004,Sugar,PHH,866
2024-12-23,FPS_005,Rice,AAY,427
2024-12-23,FPS_005,Rice,PHH,153
2024-12-23,FPS_005,Wheat,AAY,860
2024-12-23,FPS_005,Wheat,PHH,338
2024-12-23,FPS_005,Sugar,AAY,328
2024-12-23,FPS_005,Sugar,PHH,678
